username,password
test0,2165506089393984
test1,2067073994585750
test2,1968641899777516
test3,1870209804969282
test4,1771777710161048
test5,1673345615352814
test6,1574913520544580
test7,1476481425736346
test8,1378049330928112
test9,1279617236119878
test10,1181185141311644
test11,1082753046503410
test12,984320951695176
test13,885888856886942
test14,787456762078708
test15,689024667270474
test16,590592572462240
test17,492160477654006
test18,393728382845772
test19,295296288037538
test20,196864193229304
test21,98432098421070
test22,3612836